Site,Copies,-2,-1,0,1,2
1,4,0.013774,0.241716,0.439981,0.283518,0.021011
2,1,0.02602,0.251951,0.436698,0.263197,0.022134
3,2,0.011624,0.288577,0.427617,0.23798,0.034202
4,3,0.016217,0.223587,0.603753,0.140039,0.016404
5,1,0.017958,0.20211,0.45994,0.252993,0.066999
6,4,0.052975,0.264529,0.44522,0.217088,0.020188
7,1,0.029026,0.260493,0.416906,0.289866,0.003709
8,2,0.044717,0.356616,0.290905,0.238056,0.069706
